"REC_TX_DT_DATE","N_TX","N_TX_30D","N_TX_365D"
2016-01-01,10,NA,NA
2016-01-02,14,NA,NA
2016-01-03,20,NA,NA
2016-01-04,23,NA,NA
2016-01-05,17,NA,NA
2016-01-06,17,NA,NA
2016-01-07,20,NA,NA
2016-01-08,17,NA,NA
2016-01-09,19,NA,NA
2016-01-10,10,NA,NA
2016-01-11,17,NA,NA
2016-01-12,16,NA,NA
2016-01-13,13,NA,NA
2016-01-14,7,NA,NA
2016-01-15,14,NA,NA
2016-01-16,20,NA,NA
2016-01-17,16,NA,NA
2016-01-18,12,NA,NA
2016-01-19,18,NA,NA
2016-01-20,15,NA,NA
2016-01-21,16,NA,NA
2016-01-22,23,NA,NA
2016-01-23,11,NA,NA
2016-01-24,16,NA,NA
2016-01-25,14,NA,NA
2016-01-26,22,NA,NA
2016-01-27,19,NA,NA
2016-01-28,27,NA,NA
2016-01-29,24,NA,NA
2016-01-30,22,509,NA
2016-01-31,20,519,NA
2016-02-01,14,519,NA
2016-02-02,18,517,NA
2016-02-03,22,516,NA
2016-02-04,17,516,NA
2016-02-05,19,518,NA
2016-02-06,22,520,NA
2016-02-07,20,523,NA
2016-02-08,22,526,NA
2016-02-09,15,531,NA
2016-02-10,21,535,NA
2016-02-11,20,539,NA
2016-02-12,21,547,NA
2016-02-13,21,561,NA
2016-02-14,17,564,NA
2016-02-15,24,568,NA
2016-02-16,29,581,NA
2016-02-17,19,588,NA
2016-02-18,19,589,NA
2016-02-19,15,589,NA
2016-02-20,17,590,NA
2016-02-21,16,583,NA
2016-02-22,15,587,NA
2016-02-23,25,596,NA
2016-02-24,19,601,NA
2016-02-25,26,605,NA
2016-02-26,21,607,NA
2016-02-27,23,603,NA
2016-02-28,11,590,NA
2016-02-29,10,578,NA
2016-03-01,20,578,NA
2016-03-02,17,581,NA
2016-03-03,14,577,NA
2016-03-04,15,570,NA
2016-03-05,18,571,NA
2016-03-06,18,570,NA
2016-03-07,24,572,NA
2016-03-08,22,574,NA
2016-03-09,25,577,NA
2016-03-10,25,587,NA
2016-03-11,28,594,NA
2016-03-12,26,600,NA
2016-03-13,22,601,NA
2016-03-14,14,594,NA
2016-03-15,24,601,NA
2016-03-16,19,596,NA
2016-03-17,18,585,NA
2016-03-18,20,586,NA
2016-03-19,14,581,NA
2016-03-20,16,582,NA
2016-03-21,22,587,NA
2016-03-22,17,588,NA
2016-03-23,27,600,NA
2016-03-24,17,592,NA
2016-03-25,13,586,NA
2016-03-26,17,577,NA
2016-03-27,24,580,NA
2016-03-28,21,578,NA
2016-03-29,20,587,NA
2016-03-30,18,595,NA
2016-03-31,22,597,NA
2016-04-01,21,601,NA
2016-04-02,25,612,NA
2016-04-03,23,620,NA
2016-04-04,21,623,NA
2016-04-05,24,629,NA
2016-04-06,22,627,NA
2016-04-07,20,625,NA
2016-04-08,27,627,NA
2016-04-09,20,622,NA
2016-04-10,20,614,NA
2016-04-11,11,599,NA
2016-04-12,25,602,NA
2016-04-13,25,613,NA
2016-04-14,28,617,NA
2016-04-15,18,616,NA
2016-04-16,25,623,NA
2016-04-17,15,618,NA
2016-04-18,19,623,NA
2016-04-19,17,624,NA
2016-04-20,26,628,NA
2016-04-21,20,631,NA
2016-04-22,18,622,NA
2016-04-23,16,621,NA
2016-04-24,20,628,NA
2016-04-25,13,624,NA
2016-04-26,20,620,NA
2016-04-27,19,618,NA
2016-04-28,16,614,NA
2016-04-29,24,620,NA
2016-04-30,14,612,NA
2016-05-01,16,607,NA
2016-05-02,22,604,NA
2016-05-03,23,604,NA
2016-05-04,29,612,NA
2016-05-05,23,611,NA
2016-05-06,26,615,NA
2016-05-07,18,613,NA
2016-05-08,19,605,NA
2016-05-09,27,612,NA
2016-05-10,18,610,NA
2016-05-11,19,618,NA
2016-05-12,26,619,NA
2016-05-13,21,615,NA
2016-05-14,19,606,NA
2016-05-15,14,602,NA
2016-05-16,13,590,NA
2016-05-17,15,590,NA
2016-05-18,28,599,NA
2016-05-19,9,591,NA
2016-05-20,19,584,NA
2016-05-21,19,583,NA
2016-05-22,11,576,NA
2016-05-23,21,581,NA
2016-05-24,23,584,NA
2016-05-25,20,591,NA
2016-05-26,17,588,NA
2016-05-27,25,594,NA
2016-05-28,20,598,NA
2016-05-29,18,592,NA
2016-05-30,17,595,NA
2016-05-31,21,600,NA
2016-06-01,21,599,NA
2016-06-02,27,603,NA
2016-06-03,22,596,NA
2016-06-04,19,592,NA
2016-06-05,14,580,NA
2016-06-06,15,577,NA
2016-06-07,19,577,NA
2016-06-08,15,565,NA
2016-06-09,29,576,NA
2016-06-10,28,585,NA
2016-06-11,17,576,NA
2016-06-12,15,570,NA
2016-06-13,22,573,NA
2016-06-14,22,581,NA
2016-06-15,24,592,NA
2016-06-16,25,602,NA
2016-06-17,23,597,NA
2016-06-18,17,605,NA
2016-06-19,12,598,NA
2016-06-20,18,597,NA
2016-06-21,21,607,NA
2016-06-22,27,613,NA
2016-06-23,14,604,NA
2016-06-24,22,606,NA
2016-06-25,28,617,NA
2016-06-26,23,615,NA
2016-06-27,21,616,NA
2016-06-28,22,620,NA
2016-06-29,26,629,NA
2016-06-30,20,628,NA
2016-07-01,29,636,NA
2016-07-02,22,631,NA
2016-07-03,18,627,NA
2016-07-04,18,626,NA
2016-07-05,18,630,NA
2016-07-06,13,628,NA
2016-07-07,17,626,NA
2016-07-08,18,629,NA
2016-07-09,13,613,NA
2016-07-10,8,593,NA
2016-07-11,14,590,NA
2016-07-12,23,598,NA
2016-07-13,20,596,NA
2016-07-14,25,599,NA
2016-07-15,21,596,NA
2016-07-16,15,586,NA
2016-07-17,22,585,NA
2016-07-18,16,584,NA
2016-07-19,25,597,NA
2016-07-20,16,595,NA
2016-07-21,23,597,NA
2016-07-22,29,599,NA
2016-07-23,23,608,NA
2016-07-24,19,605,NA
2016-07-25,22,599,NA
2016-07-26,17,593,NA
2016-07-27,26,598,NA
2016-07-28,19,595,NA
2016-07-29,21,590,NA
2016-07-30,23,593,NA
2016-07-31,22,586,NA
2016-08-01,19,583,NA
2016-08-02,26,591,NA
2016-08-03,16,589,NA
2016-08-04,18,589,NA
2016-08-05,16,592,NA
2016-08-06,14,589,NA
2016-08-07,16,587,NA
2016-08-08,19,593,NA
2016-08-09,18,603,NA
2016-08-10,22,611,NA
2016-08-11,16,604,NA
2016-08-12,20,604,NA
2016-08-13,24,603,NA
2016-08-14,17,599,NA
2016-08-15,22,606,NA
2016-08-16,16,600,NA
2016-08-17,15,599,NA
2016-08-18,16,590,NA
2016-08-19,21,595,NA
2016-08-20,20,592,NA
2016-08-21,11,574,NA
2016-08-22,20,571,NA
2016-08-23,15,567,NA
2016-08-24,23,568,NA
2016-08-25,28,579,NA
2016-08-26,18,571,NA
2016-08-27,22,574,NA
2016-08-28,15,568,NA
2016-08-29,24,569,NA
2016-08-30,21,568,NA
2016-08-31,18,567,NA
2016-09-01,14,555,NA
2016-09-02,19,558,NA
2016-09-03,21,561,NA
2016-09-04,16,561,NA
2016-09-05,11,558,NA
2016-09-06,22,564,NA
2016-09-07,16,561,NA
2016-09-08,19,562,NA
2016-09-09,20,560,NA
2016-09-10,22,566,NA
2016-09-11,22,568,NA
2016-09-12,12,556,NA
2016-09-13,23,562,NA
2016-09-14,25,565,NA
2016-09-15,22,571,NA
2016-09-16,18,574,NA
2016-09-17,22,580,NA
2016-09-18,12,571,NA
2016-09-19,18,569,NA
2016-09-20,18,576,NA
2016-09-21,22,578,NA
2016-09-22,25,588,NA
2016-09-23,23,588,NA
2016-09-24,18,578,NA
2016-09-25,19,579,NA
2016-09-26,13,570,NA
2016-09-27,25,580,NA
2016-09-28,22,578,NA
2016-09-29,25,582,NA
2016-09-30,29,593,NA
2016-10-01,21,600,NA
2016-10-02,19,600,NA
2016-10-03,16,595,NA
2016-10-04,21,600,NA
2016-10-05,27,616,NA
2016-10-06,18,612,NA
2016-10-07,22,618,NA
2016-10-08,16,615,NA
2016-10-09,22,617,NA
2016-10-10,14,609,NA
2016-10-11,22,609,NA
2016-10-12,23,620,NA
2016-10-13,17,614,NA
2016-10-14,22,611,NA
2016-10-15,15,604,NA
2016-10-16,12,598,NA
2016-10-17,20,596,NA
2016-10-18,16,600,NA
2016-10-19,16,598,NA
2016-10-20,23,603,NA
2016-10-21,22,603,NA
2016-10-22,15,593,NA
2016-10-23,17,587,NA
2016-10-24,15,584,NA
2016-10-25,24,589,NA
2016-10-26,24,600,NA
2016-10-27,25,600,NA
2016-10-28,12,590,NA
2016-10-29,23,588,NA
2016-10-30,20,579,NA
2016-10-31,19,577,NA
2016-11-01,18,576,NA
2016-11-02,24,584,NA
2016-11-03,28,591,NA
2016-11-04,28,592,NA
2016-11-05,19,593,NA
2016-11-06,23,594,NA
2016-11-07,29,607,NA
2016-11-08,21,606,NA
2016-11-09,20,612,NA
2016-11-10,26,616,NA
2016-11-11,22,615,NA
2016-11-12,19,617,NA
2016-11-13,20,615,NA
2016-11-14,27,627,NA
2016-11-15,17,632,NA
2016-11-16,18,630,NA
2016-11-17,19,633,NA
2016-11-18,17,634,NA
2016-11-19,18,629,NA
2016-11-20,25,632,NA
2016-11-21,23,640,NA
2016-11-22,24,647,NA
2016-11-23,24,656,NA
2016-11-24,21,653,NA
2016-11-25,17,646,NA
2016-11-26,11,632,NA
2016-11-27,15,635,NA
2016-11-28,18,630,NA
2016-11-29,12,622,NA
2016-11-30,41,644,NA
2016-12-01,28,654,NA
2016-12-02,32,662,NA
2016-12-03,22,656,NA
2016-12-04,24,652,NA
2016-12-05,18,651,NA
2016-12-06,20,648,NA
2016-12-07,27,646,NA
2016-12-08,28,653,NA
2016-12-09,16,649,NA
2016-12-10,17,640,NA
2016-12-11,13,631,NA
2016-12-12,20,632,NA
2016-12-13,23,635,NA
2016-12-14,30,638,NA
2016-12-15,19,640,NA
2016-12-16,25,647,NA
2016-12-17,19,647,NA
2016-12-18,26,656,NA
2016-12-19,19,657,NA
2016-12-20,22,654,NA
2016-12-21,22,653,NA
2016-12-22,19,648,NA
2016-12-23,19,643,NA
2016-12-24,24,646,NA
2016-12-25,17,646,NA
2016-12-26,12,647,NA
2016-12-27,24,656,NA
2016-12-28,24,662,NA
2016-12-29,26,676,NA
2016-12-30,17,652,7248
2016-12-31,20,644,7258
2017-01-01,15,627,7259
2017-01-02,18,623,7257
2017-01-03,19,618,7253
2017-01-04,20,620,7256
2017-01-05,19,619,7258
2017-01-06,23,615,7261
2017-01-07,14,601,7258
2017-01-08,27,612,7266
2017-01-09,17,612,7273
2017-01-10,13,612,7269
2017-01-11,22,614,7275
2017-01-12,22,613,7284
2017-01-13,12,595,7289
2017-01-14,15,591,7290
2017-01-15,12,578,7282
2017-01-16,21,580,7287
2017-01-17,31,585,7306
2017-01-18,33,599,7321
2017-01-19,13,590,7319
2017-01-20,20,588,7323
2017-01-21,21,590,7321
2017-01-22,25,596,7335
2017-01-23,25,597,7344
2017-01-24,24,604,7354
2017-01-25,23,615,7355
2017-01-26,28,619,7364
2017-01-27,21,616,7358
2017-01-28,22,612,7356
2017-01-29,18,613,7352
2017-01-30,32,625,7364
2017-01-31,20,630,7370
2017-02-01,22,634,7374
2017-02-02,20,635,7372
2017-02-03,23,638,7378
2017-02-04,15,634,7374
2017-02-05,15,626,7367
2017-02-06,11,623,7358
2017-02-07,23,619,7359
2017-02-08,28,630,7372
2017-02-09,22,639,7373
2017-02-10,23,640,7376
2017-02-11,14,632,7369
2017-02-12,22,642,7370
2017-02-13,14,641,7367
2017-02-14,20,649,7363
2017-02-15,20,648,7354
2017-02-16,29,646,7364
2017-02-17,21,634,7366
2017-02-18,23,644,7374
2017-02-19,26,650,7383
2017-02-20,22,651,7389
2017-02-21,20,646,7394
2017-02-22,28,649,7397
2017-02-23,15,640,7393
2017-02-24,24,641,7391
2017-02-25,23,636,7393
2017-02-26,21,636,7391
2017-02-27,18,632,7398
2017-02-28,18,632,7406
2017-03-01,23,623,7409
2017-03-02,22,625,7414
2017-03-03,17,620,7417
2017-03-04,21,621,7423
2017-03-05,11,609,7416
2017-03-06,20,614,7418
2017-03-07,22,621,7416
2017-03-08,28,638,7422
2017-03-09,21,636,7418
2017-03-10,15,623,7408
2017-03-11,32,633,7412
2017-03-12,22,632,7408
2017-03-13,21,639,7407
2017-03-14,15,632,7408
2017-03-15,14,632,7398
2017-03-16,22,634,7401
2017-03-17,17,631,7400
2017-03-18,18,620,7398
2017-03-19,22,621,7406
2017-03-20,16,614,7406
2017-03-21,23,611,7407
2017-03-22,20,609,7410
2017-03-23,22,611,7405
2017-03-24,24,607,7412
2017-03-25,20,612,7419
2017-03-26,16,604,7418
2017-03-27,18,599,7412
2017-03-28,21,599,7412
2017-03-29,20,601,7412
2017-03-30,30,613,7424
2017-03-31,27,617,7429
2017-04-01,17,612,7425
2017-04-02,14,609,7414
2017-04-03,13,601,7404
2017-04-04,20,610,7403
2017-04-05,19,609,7398
2017-04-06,21,608,7397
2017-04-07,17,597,7394
2017-04-08,19,595,7386
2017-04-09,17,597,7383
2017-04-10,13,578,7376
2017-04-11,25,581,7390
2017-04-12,22,582,7387
2017-04-13,14,581,7376
2017-04-14,23,590,7371
2017-04-15,19,587,7372
2017-04-16,14,584,7361
2017-04-17,16,582,7362
2017-04-18,13,573,7356
2017-04-19,20,577,7359
2017-04-20,30,584,7363
2017-04-21,24,588,7367
2017-04-22,21,587,7370
2017-04-23,22,585,7376
2017-04-24,19,584,7375
2017-04-25,16,584,7378
2017-04-26,22,588,7380
2017-04-27,29,596,7390
2017-04-28,14,590,7388
2017-04-29,18,578,7382
2017-04-30,27,578,7395
2017-05-01,23,584,7402
2017-05-02,26,596,7406
2017-05-03,19,602,7402
2017-05-04,19,601,7392
2017-05-05,29,611,7398
2017-05-06,16,606,7388
2017-05-07,27,616,7397
2017-05-08,23,620,7401
2017-05-09,21,624,7395
2017-05-10,18,629,7395
2017-05-11,24,628,7400
2017-05-12,21,627,7395
2017-05-13,19,632,7393
2017-05-14,12,621,7386
2017-05-15,19,621,7391
2017-05-16,19,626,7397
2017-05-17,17,627,7399
2017-05-18,27,641,7398
2017-05-19,28,649,7417
2017-05-20,21,640,7419
2017-05-21,24,640,7424
2017-05-22,24,643,7437
2017-05-23,17,638,7433
2017-05-24,25,644,7435
2017-05-25,19,647,7434
2017-05-26,28,653,7445
2017-05-27,21,645,7441
2017-05-28,26,657,7447
2017-05-29,22,661,7451
2017-05-30,20,654,7454
2017-05-31,19,650,7452
2017-06-01,16,640,7447
2017-06-02,26,647,7446
2017-06-03,19,647,7443
2017-06-04,17,635,7441
2017-06-05,16,635,7443
2017-06-06,16,624,7444
2017-06-07,37,638,7462
2017-06-08,20,637,7467
2017-06-09,26,645,7464
2017-06-10,24,645,7460
2017-06-11,18,642,7461
2017-06-12,22,645,7468
2017-06-13,20,653,7466
2017-06-14,26,660,7470
2017-06-15,23,664,7469
2017-06-16,13,660,7457
2017-06-17,27,660,7461
2017-06-18,13,645,7457
2017-06-19,18,642,7463
2017-06-20,28,646,7473
2017-06-21,26,648,7478
2017-06-22,27,658,7478
2017-06-23,19,652,7483
2017-06-24,14,647,7475
2017-06-25,24,643,7471
2017-06-26,28,650,7476
2017-06-27,18,642,7473
2017-06-28,23,643,7474
2017-06-29,27,650,7475
2017-06-30,19,650,7474
2017-07-01,15,649,7460
2017-07-02,26,649,7464
2017-07-03,20,650,7466
2017-07-04,13,646,7461
2017-07-05,17,647,7460
2017-07-06,22,653,7469
2017-07-07,29,645,7481
2017-07-08,26,651,7489
2017-07-09,24,649,7500
2017-07-10,19,644,7511
2017-07-11,26,652,7523
2017-07-12,19,649,7519
2017-07-13,28,657,7527
2017-07-14,19,650,7521
2017-07-15,18,645,7518
2017-07-16,19,651,7522
2017-07-17,23,647,7523
2017-07-18,24,658,7531
2017-07-19,17,657,7523
2017-07-20,20,649,7527
2017-07-21,27,650,7531
2017-07-22,21,644,7523
2017-07-23,22,647,7522
2017-07-24,15,648,7518
2017-07-25,19,643,7515
2017-07-26,16,631,7514
2017-07-27,29,642,7517
2017-07-28,19,638,7517
2017-07-29,22,633,7518
2017-07-30,13,627,7508
2017-07-31,18,630,7504
2017-08-01,23,627,7508
2017-08-02,24,631,7506
2017-08-03,16,634,7506
2017-08-04,15,632,7503
2017-08-05,24,634,7511
2017-08-06,15,620,7512
2017-08-07,16,610,7512
2017-08-08,19,605,7512
2017-08-09,23,609,7517
2017-08-10,25,608,7520
2017-08-11,18,607,7522
2017-08-12,23,602,7525
2017-08-13,12,595,7513
2017-08-14,22,599,7518
2017-08-15,16,596,7512
2017-08-16,24,597,7520
2017-08-17,22,595,7527
2017-08-18,23,601,7534
2017-08-19,28,609,7541
2017-08-20,14,596,7535
2017-08-21,11,586,7535
2017-08-22,23,587,7538
2017-08-23,17,589,7540
2017-08-24,21,591,7538
2017-08-25,22,597,7532
2017-08-26,21,589,7535
2017-08-27,10,580,7523
2017-08-28,15,573,7523
2017-08-29,19,579,7518
2017-08-30,26,587,7523
2017-08-31,23,587,7528
2017-09-01,22,585,7536
2017-09-02,13,582,7530
2017-09-03,19,586,7528
2017-09-04,19,581,7531
2017-09-05,20,586,7540
2017-09-06,26,596,7544
2017-09-07,30,607,7558
2017-09-08,25,609,7564
2017-09-09,21,605,7565
2017-09-10,17,604,7560
2017-09-11,15,596,7553
2017-09-12,19,603,7560
2017-09-13,25,606,7562
2017-09-14,27,617,7564
2017-09-15,20,613,7562
2017-09-16,10,601,7554
2017-09-17,26,604,7558
2017-09-18,21,597,7567
2017-09-19,20,603,7569
2017-09-20,18,610,7569
2017-09-21,29,616,7576
2017-09-22,17,616,7568
2017-09-23,23,618,7568
2017-09-24,19,615,7569
2017-09-25,16,610,7566
2017-09-26,18,618,7571
2017-09-27,25,628,7571
2017-09-28,25,634,7574
2017-09-29,30,638,7579
2017-09-30,19,634,7569
2017-10-01,14,626,7562
2017-10-02,20,633,7563
2017-10-03,10,624,7557
2017-10-04,20,625,7556
2017-10-05,21,626,7550
2017-10-06,23,623,7555
2017-10-07,23,616,7556
2017-10-08,13,604,7553
2017-10-09,11,594,7542
2017-10-10,19,596,7547
2017-10-11,17,598,7542
2017-10-12,20,599,7539
2017-10-13,22,596,7544
2017-10-14,13,582,7535
2017-10-15,8,570,7528
2017-10-16,15,575,7531
2017-10-17,20,569,7531
2017-10-18,21,569,7536
2017-10-19,21,570,7541
2017-10-20,13,565,7531
2017-10-21,20,556,7529
2017-10-22,17,556,7531
2017-10-23,19,552,7533
2017-10-24,16,549,7534
2017-10-25,16,549,7526
2017-10-26,9,540,7511
2017-10-27,25,540,7511
2017-10-28,23,538,7522
2017-10-29,15,523,7514
2017-10-30,28,532,7522
2017-10-31,20,538,7523
2017-11-01,22,540,7527
2017-11-02,24,554,7527
2017-11-03,29,563,7528
2017-11-04,19,561,7519
2017-11-05,26,564,7526
2017-11-06,24,565,7527
2017-11-07,19,571,7517
2017-11-08,23,583,7519
2017-11-09,16,580,7515
2017-11-10,30,593,7519
2017-11-11,16,589,7513
2017-11-12,13,580,7507
2017-11-13,19,586,7506
2017-11-14,17,595,7496
2017-11-15,20,600,7499
2017-11-16,29,609,7510
2017-11-17,26,614,7517
2017-11-18,26,619,7526
2017-11-19,23,629,7531
2017-11-20,24,633,7530
2017-11-21,19,635,7526
2017-11-22,18,634,7520
2017-11-23,23,641,7519
2017-11-24,22,647,7520
2017-11-25,15,653,7518
2017-11-26,13,641,7520
2017-11-27,15,633,7520
2017-11-28,23,641,7525
2017-11-29,27,640,7540
2017-11-30,31,651,7530
2017-12-01,27,656,7529
2017-12-02,21,653,7518
2017-12-03,14,638,7510
2017-12-04,21,640,7507
2017-12-05,22,636,7511
2017-12-06,28,640,7519
2017-12-07,23,644,7515
2017-12-08,23,644,7510
2017-12-09,15,643,7509
2017-12-10,14,627,7506
2017-12-11,16,627,7509
2017-12-12,26,640,7515
2017-12-13,29,650,7521
2017-12-14,17,650,7508
2017-12-15,13,643,7502
2017-12-16,19,633,7496
2017-12-17,18,625,7495
2017-12-18,20,619,7489
2017-12-19,27,623,7497
2017-12-20,16,615,7491
2017-12-21,23,619,7492
2017-12-22,15,616,7488
2017-12-23,23,616,7492
2017-12-24,18,612,7486
2017-12-25,18,615,7487
2017-12-26,16,618,7491
2017-12-27,24,627,7491
2017-12-28,19,623,7486
2017-12-29,19,615,7479
2017-12-30,23,607,7485
2017-12-31,18,598,7483
2018-01-01,20,597,7488
2018-01-02,18,601,7488
2018-01-03,18,598,7487
2018-01-04,28,604,7495
2018-01-05,23,599,7499
2018-01-06,20,596,7496
2018-01-07,10,583,7492
2018-01-08,23,591,7488
2018-01-09,24,601,7495
2018-01-10,20,605,7502
2018-01-11,26,605,7506
2018-01-12,25,601,7509
2018-01-13,25,609,7522
2018-01-14,14,610,7521
2018-01-15,12,603,7521
2018-01-16,24,609,7524
2018-01-17,23,612,7516
2018-01-18,30,615,7513
2018-01-19,10,609,7510
2018-01-20,23,609,7513
2018-01-21,19,613,7511
2018-01-22,21,611,7507
2018-01-23,20,613,7502
2018-01-24,16,611,7494
2018-01-25,21,616,7492
2018-01-26,19,611,7483
2018-01-27,15,607,7477
2018-01-28,18,606,7473
2018-01-29,18,601,7473
2018-01-30,17,600,7458
2018-01-31,26,606,7464
2018-02-01,31,619,7473
2018-02-02,16,617,7469
2018-02-03,20,609,7466
2018-02-04,17,603,7468
2018-02-05,12,595,7465
2018-02-06,13,598,7467
2018-02-07,29,604,7473
2018-02-08,24,604,7469
2018-02-09,18,602,7465
2018-02-10,20,596,7462
2018-02-11,18,589,7466
2018-02-12,13,577,7457
2018-02-13,20,583,7463
2018-02-14,13,584,7456
2018-02-15,17,577,7453
2018-02-16,23,577,7447
2018-02-17,20,567,7446
2018-02-18,23,580,7446
2018-02-19,26,583,7446
2018-02-20,23,587,7447
2018-02-21,20,586,7447
2018-02-22,27,593,7446
2018-02-23,28,605,7459
2018-02-24,24,608,7459
2018-02-25,22,611,7458
2018-02-26,22,618,7459
2018-02-27,22,622,7463
2018-02-28,29,633,7474
2018-03-01,24,640,7475
2018-03-02,15,629,7468
2018-03-03,26,624,7477
2018-03-04,21,629,7477
2018-03-05,21,630,7487
2018-03-06,19,632,7486
2018-03-07,17,637,7481
2018-03-08,16,640,7469
2018-03-09,31,642,7479
2018-03-10,24,642,7488
2018-03-11,19,643,7475
2018-03-12,16,639,7469
2018-03-13,22,643,7470
2018-03-14,27,657,7482
2018-03-15,16,653,7484
2018-03-16,18,658,7480
2018-03-17,16,657,7479
2018-03-18,21,655,7482
2018-03-19,11,646,7471
2018-03-20,21,644,7476
2018-03-21,16,634,7469
2018-03-22,21,632,7470
2018-03-23,15,627,7463
2018-03-24,26,626,7465
2018-03-25,17,615,7462
2018-03-26,24,615,7470
2018-03-27,26,619,7478
2018-03-28,17,614,7474
2018-03-29,26,618,7480
2018-03-30,21,610,7471
2018-03-31,21,607,7465
2018-04-01,25,617,7473
2018-04-02,23,614,7482
2018-04-03,25,618,7494
2018-04-04,19,616,7493
2018-04-05,25,622,7499
2018-04-06,19,624,7497
2018-04-07,18,626,7498
2018-04-08,18,613,7497
2018-04-09,20,609,7500
2018-04-10,28,618,7515
2018-04-11,24,626,7514
2018-04-12,17,621,7509
2018-04-13,21,615,7516
2018-04-14,20,619,7513
2018-04-15,18,619,7512
2018-04-16,23,626,7521
2018-04-17,19,624,7524
2018-04-18,19,632,7530
2018-04-19,28,639,7538
2018-04-20,20,643,7528
2018-04-21,18,640,7522
2018-04-22,25,650,7526
2018-04-23,16,640,7520
2018-04-24,16,639,7517
2018-04-25,20,635,7521
2018-04-26,33,642,7532
2018-04-27,23,648,7526
2018-04-28,21,643,7533
2018-04-29,20,642,7535
2018-04-30,14,635,7522
2018-05-01,28,638,7527
2018-05-02,22,637,7523
2018-05-03,21,633,7525
2018-05-04,23,637,7529
2018-05-05,26,638,7526
2018-05-06,19,638,7529
2018-05-07,23,643,7525
2018-05-08,13,638,7515
2018-05-09,30,648,7524
2018-05-10,20,640,7526
2018-05-11,14,630,7516
2018-05-12,16,629,7511
2018-05-13,22,630,7514
2018-05-14,19,629,7521
2018-05-15,19,630,7521
2018-05-16,27,634,7529
2018-05-17,24,639,7536
2018-05-18,20,640,7529
2018-05-19,26,638,7527
2018-05-20,18,636,7524
2018-05-21,19,637,7519
2018-05-22,27,639,7522
2018-05-23,23,646,7528
2018-05-24,21,651,7524
2018-05-25,16,647,7521
2018-05-26,21,635,7514
2018-05-27,19,631,7512
2018-05-28,15,625,7501
2018-05-29,29,634,7508
2018-05-30,17,637,7505
2018-05-31,31,640,7517
2018-06-01,20,638,7521
2018-06-02,17,634,7512
2018-06-03,22,633,7515
2018-06-04,15,622,7513
2018-06-05,14,617,7511
2018-06-06,20,614,7515
2018-06-07,18,619,7496
2018-06-08,26,615,7502
2018-06-09,19,614,7495
2018-06-10,24,624,7495
2018-06-11,23,631,7500
2018-06-12,29,638,7507
2018-06-13,32,651,7519
2018-06-14,25,657,7518
2018-06-15,25,655,7520
2018-06-16,17,648,7524
2018-06-17,16,644,7513
2018-06-18,15,633,7515
2018-06-19,15,630,7512
2018-06-20,32,643,7516
2018-06-21,27,643,7517
2018-06-22,26,646,7516
2018-06-23,26,651,7523
2018-06-24,27,662,7536
2018-06-25,16,657,7528
2018-06-26,15,653,7515
2018-06-27,22,660,7519
2018-06-28,17,648,7513
2018-06-29,29,660,7515
2018-06-30,23,652,7519
2018-07-01,21,653,7525
2018-07-02,17,653,7516
2018-07-03,20,651,7516
2018-07-04,22,658,7525
2018-07-05,14,658,7522
2018-07-06,19,657,7519
2018-07-07,18,657,7508
2018-07-08,20,651,7502
2018-07-09,17,649,7495
2018-07-10,21,646,7497
2018-07-11,22,645,7493
2018-07-12,34,650,7508
2018-07-13,17,635,7497
2018-07-14,19,629,7497
2018-07-15,25,629,7504
2018-07-16,19,631,7504
2018-07-17,24,639,7505
2018-07-18,20,644,7501
2018-07-19,23,652,7507
2018-07-20,11,631,7498
2018-07-21,21,625,7492
2018-07-22,29,628,7500
2018-07-23,26,628,7504
2018-07-24,24,625,7513
2018-07-25,22,631,7516
2018-07-26,22,638,7522
2018-07-27,15,631,7508
2018-07-28,15,629,7504
2018-07-29,18,618,7500
2018-07-30,24,619,7511
2018-07-31,15,613,7508
2018-08-01,18,614,7503
2018-08-02,25,619,7504
2018-08-03,26,623,7514
2018-08-04,24,633,7523
2018-08-05,20,634,7519
2018-08-06,15,631,7519
2018-08-07,20,631,7523
2018-08-08,22,636,7526
2018-08-09,27,642,7530
2018-08-10,10,630,7515
2018-08-11,17,613,7514
2018-08-12,17,613,7508
2018-08-13,24,618,7520
2018-08-14,22,615,7520
2018-08-15,23,619,7527
2018-08-16,18,613,7521
2018-08-17,24,617,7523
2018-08-18,16,610,7516
2018-08-19,18,617,7506
2018-08-20,21,617,7513
2018-08-21,20,608,7522
2018-08-22,21,603,7520
2018-08-23,23,602,7526
2018-08-24,23,603,7528
2018-08-25,24,605,7530
2018-08-26,12,602,7521
2018-08-27,17,604,7528
2018-08-28,25,611,7538
2018-08-29,23,610,7542
2018-08-30,30,625,7546
2018-08-31,22,629,7545
2018-09-01,15,619,7538
2018-09-02,15,608,7540
2018-09-03,22,606,7543
2018-09-04,20,606,7544
2018-09-05,16,607,7540
2018-09-06,23,610,7537
2018-09-07,22,610,7529
2018-09-08,15,598,7519
2018-09-09,27,615,7525
2018-09-10,16,614,7524
2018-09-11,19,616,7528
2018-09-12,26,618,7535
2018-09-13,25,621,7535
2018-09-14,16,614,7524
2018-09-15,24,620,7528
2018-09-16,17,613,7535
2018-09-17,23,620,7532
2018-09-18,24,626,7535
2018-09-19,19,624,7534
2018-09-20,31,635,7547
2018-09-21,27,641,7545
2018-09-22,16,634,7544
2018-09-23,23,634,7544
2018-09-24,19,629,7544
2018-09-25,26,643,7554
2018-09-26,21,647,7557
2018-09-27,29,651,7561
2018-09-28,22,650,7558
2018-09-29,20,640,7548
2018-09-30,20,638,7549
2018-10-01,19,642,7554
2018-10-02,17,644,7551
2018-10-03,30,652,7571
2018-10-04,21,653,7572
2018-10-05,21,658,7572
2018-10-06,14,649,7563
2018-10-07,16,643,7556
2018-10-08,28,656,7571
2018-10-09,22,651,7582
2018-10-10,9,644,7572
2018-10-11,26,651,7581
2018-10-12,20,645,7581
2018-10-13,16,636,7575
2018-10-14,22,642,7584
2018-10-15,28,646,7604
2018-10-16,21,650,7610
2018-10-17,22,649,7612
2018-10-18,22,647,7613
2018-10-19,23,651,7615
2018-10-20,14,634,7616
2018-10-21,24,631,7620
2018-10-22,19,634,7622
2018-10-23,20,631,7623
2018-10-24,21,633,7628
2018-10-25,27,634,7639
2018-10-26,28,641,7658
2018-10-27,14,626,7647
2018-10-28,23,627,7647
2018-10-29,15,622,7647
2018-10-30,21,623,7640
2018-10-31,15,619,7635
2018-11-01,23,625,7636
2018-11-02,19,614,7631
2018-11-03,11,604,7613
2018-11-04,24,607,7618
2018-11-05,25,618,7617
2018-11-06,23,625,7616
2018-11-07,28,625,7625
2018-11-08,24,627,7626
2018-11-09,19,637,7629
2018-11-10,16,627,7615
2018-11-11,27,634,7626
2018-11-12,16,634,7629
2018-11-13,14,626,7624
2018-11-14,25,623,7632
2018-11-15,26,628,7638
2018-11-16,22,628,7631
2018-11-17,15,621,7620
2018-11-18,20,618,7614
2018-11-19,23,627,7614
2018-11-20,31,634,7621
2018-11-21,30,645,7632
2018-11-22,16,641,7630
2018-11-23,17,637,7624
2018-11-24,17,627,7619
2018-11-25,11,610,7615
2018-11-26,22,618,7624
2018-11-27,25,620,7634
2018-11-28,30,635,7641
2018-11-29,23,637,7637
2018-11-30,17,639,7623
2018-12-01,22,638,7618
2018-12-02,21,640,7618
2018-12-03,30,659,7634
2018-12-04,16,651,7629
2018-12-05,28,654,7635
2018-12-06,34,665,7641
2018-12-07,25,662,7643
2018-12-08,19,657,7639
2018-12-09,21,659,7645
2018-12-10,21,664,7652
2018-12-11,23,660,7659
2018-12-12,23,667,7656
2018-12-13,28,681,7655
2018-12-14,20,676,7658
2018-12-15,18,668,7663
2018-12-16,21,667,7665
2018-12-17,14,666,7661
2018-12-18,30,676,7671
2018-12-19,24,677,7668
2018-12-20,23,669,7675
2018-12-21,23,662,7675
2018-12-22,23,669,7683
2018-12-23,26,678,7686
2018-12-24,18,679,7686
2018-12-25,17,685,7685
2018-12-26,20,683,7689
2018-12-27,17,675,7682
2018-12-28,23,668,7686
2018-12-29,23,668,7690
2018-12-30,15,666,7682
2018-12-31,23,667,7687
2019-01-01,19,665,7686
2019-01-02,18,653,7686
2019-01-03,20,657,7688
2019-01-04,32,661,7692
2019-01-05,28,655,7697
2019-01-06,23,653,7700
2019-01-07,24,658,7714
2019-01-08,24,661,7715
2019-01-09,19,659,7710
2019-01-10,23,659,7713
2019-01-11,20,656,7707
2019-01-12,23,651,7705
2019-01-13,12,643,7692
2019-01-14,25,650,7703
2019-01-15,17,646,7708
2019-01-16,20,652,7704
2019-01-17,23,645,7704
2019-01-18,30,651,7704
2019-01-19,25,653,7719
2019-01-20,18,648,7714
2019-01-21,18,643,7713
2019-01-22,21,638,7713
2019-01-23,17,637,7710
2019-01-24,30,650,7724
2019-01-25,15,645,7718
2019-01-26,14,642,7713
2019-01-27,27,646,7725
2019-01-28,15,638,7722
2019-01-29,24,647,7728
2019-01-30,22,646,7733
2019-01-31,23,650,7730
2019-02-01,18,650,7717
2019-02-02,21,651,7722
2019-02-03,21,640,7723
2019-02-04,23,635,7729
2019-02-05,18,630,7735
2019-02-06,21,627,7743
2019-02-07,33,636,7747
2019-02-08,19,636,7742
2019-02-09,23,636,7747
2019-02-10,18,634,7745
2019-02-11,16,627,7743
2019-02-12,23,638,7753
2019-02-13,24,637,7757
2019-02-14,24,644,7768
2019-02-15,26,650,7777
2019-02-16,27,654,7781
2019-02-17,24,648,7785
2019-02-18,28,651,7790
2019-02-19,20,653,7784
2019-02-20,28,663,7789
2019-02-21,20,662,7789
2019-02-22,19,664,7781
2019-02-23,25,659,7778
2019-02-24,19,663,7773
2019-02-25,22,671,7773
2019-02-26,20,664,7771
2019-02-27,22,671,7771
2019-02-28,26,673,7768
2019-03-01,31,682,7775
2019-03-02,20,679,7780
2019-03-03,21,682,7775
2019-03-04,24,685,7778
2019-03-05,22,686,7779
2019-03-06,32,695,7792
2019-03-07,22,699,7797
2019-03-08,24,702,7805
2019-03-09,16,685,7790
2019-03-10,24,690,7790
2019-03-11,21,688,7792
2019-03-12,27,697,7803
2019-03-13,25,706,7806
2019-03-14,24,707,7803
2019-03-15,28,711,7815
2019-03-16,24,711,7821
2019-03-17,25,710,7830
2019-03-18,31,714,7840
2019-03-19,20,710,7849
2019-03-20,29,711,7857
2019-03-21,27,718,7868
2019-03-22,28,718,7875
2019-03-23,23,721,7883
2019-03-24,20,722,7877
2019-03-25,17,714,7877
2019-03-26,26,721,7879
2019-03-27,25,724,7878
2019-03-28,29,733,7890
2019-03-29,26,737,7890
2019-03-30,20,731,7889
2019-03-31,29,729,7897
2019-04-01,17,726,7889
2019-04-02,21,726,7887
2019-04-03,21,723,7883
2019-04-04,30,731,7894
2019-04-05,25,724,7894
2019-04-06,16,718,7891
2019-04-07,24,718,7897
2019-04-08,23,725,7902
2019-04-09,25,726,7907
2019-04-10,26,731,7905
2019-04-11,22,726,7903
2019-04-12,23,724,7909
2019-04-13,19,719,7907
2019-04-14,22,713,7909
2019-04-15,16,705,7907
2019-04-16,24,704,7908
2019-04-17,27,700,7916
2019-04-18,26,706,7923
2019-04-19,18,695,7913
2019-04-20,27,695,7920
2019-04-21,26,693,7928
2019-04-22,21,691,7924
2019-04-23,24,695,7932
2019-04-24,28,706,7944
2019-04-25,24,704,7948
2019-04-26,29,708,7944
2019-04-27,17,696,7938
2019-04-28,19,689,7936
2019-04-29,20,689,7936
2019-04-30,24,684,7946
2019-05-01,22,689,7940
2019-05-02,27,695,7945
2019-05-03,23,697,7947
2019-05-04,25,692,7949
2019-05-05,19,686,7942
2019-05-06,29,699,7952
2019-05-07,22,697,7951
2019-05-08,29,703,7967
2019-05-09,26,704,7963
2019-05-10,30,708,7973
2019-05-11,15,701,7974
2019-05-12,27,705,7985
2019-05-13,11,697,7974
2019-05-14,28,703,7983
2019-05-15,18,705,7982
2019-05-16,17,698,7972
2019-05-17,18,689,7966
2019-05-18,24,687,7970
2019-05-19,18,687,7962
2019-05-20,18,678,7962
2019-05-21,17,669,7960
2019-05-22,24,672,7957
2019-05-23,27,675,7961
2019-05-24,24,671,7964
2019-05-25,27,674,7975
2019-05-26,17,662,7971
2019-05-27,26,671,7978
2019-05-28,34,686,7997
2019-05-29,20,686,7988
2019-05-30,20,682,7991
2019-05-31,21,681,7981
2019-06-01,21,675,7982
2019-06-02,17,669,7982
2019-06-03,21,665,7981
2019-06-04,24,670,7990
2019-06-05,24,665,8000
2019-06-06,24,667,8004
2019-06-07,24,662,8010
2019-06-08,26,662,8010
2019-06-09,23,655,8014
2019-06-10,23,663,8013
2019-06-11,32,668,8022
2019-06-12,25,682,8018
2019-06-13,28,682,8014
2019-06-14,29,693,8018
2019-06-15,30,706,8023
2019-06-16,20,708,8026
2019-06-17,25,709,8035
2019-06-18,23,714,8043
2019-06-19,27,723,8055
2019-06-20,33,739,8056
2019-06-21,18,733,8047
2019-06-22,19,725,8040
2019-06-23,15,716,8029
2019-06-24,29,718,8031
2019-06-25,20,721,8035
2019-06-26,28,723,8048
2019-06-27,17,706,8043
2019-06-28,23,709,8049
2019-06-29,18,707,8038
2019-06-30,18,704,8033
2019-07-01,22,705,8034
2019-07-02,23,711,8040
2019-07-03,21,711,8041
2019-07-04,14,701,8033
2019-07-05,20,697,8039
2019-07-06,20,693,8040
2019-07-07,22,691,8044
2019-07-08,23,688,8047
2019-07-09,23,688,8053
2019-07-10,22,687,8054
2019-07-11,22,677,8054
2019-07-12,23,675,8043
2019-07-13,23,670,8049
2019-07-14,17,658,8047
2019-07-15,20,648,8042
2019-07-16,13,641,8036
2019-07-17,22,638,8034
2019-07-18,28,643,8042
2019-07-19,18,634,8037
2019-07-20,12,613,8038
2019-07-21,26,621,8043
2019-07-22,18,620,8032
2019-07-23,19,624,8025
2019-07-24,28,623,8029
2019-07-25,32,635,8039
2019-07-26,14,621,8031
2019-07-27,21,625,8037
2019-07-28,21,623,8043
2019-07-29,16,621,8041
2019-07-30,17,620,8034
2019-07-31,25,623,8044
2019-08-01,27,627,8053
2019-08-02,27,633,8055
2019-08-03,24,643,8053
2019-08-04,22,645,8051
2019-08-05,16,641,8047
2019-08-06,19,638,8051
2019-08-07,24,639,8055
2019-08-08,30,646,8063
2019-08-09,26,650,8062
2019-08-10,25,653,8077
2019-08-11,25,655,8085
2019-08-12,22,654,8090
2019-08-13,23,660,8089
2019-08-14,26,666,8093
2019-08-15,26,679,8096
2019-08-16,19,676,8097
2019-08-17,21,669,8094
2019-08-18,19,670,8097
2019-08-19,36,694,8115
2019-08-20,20,688,8114
2019-08-21,25,695,8119
2019-08-22,26,702,8124
2019-08-23,24,698,8125
2019-08-24,22,688,8124
2019-08-25,24,698,8124
2019-08-26,29,706,8141
2019-08-27,33,718,8157
2019-08-28,20,722,8152
2019-08-29,31,736,8160
2019-08-30,25,736,8155
2019-08-31,22,731,8155
2019-09-01,24,728,8164
2019-09-02,19,723,8168
2019-09-03,26,727,8172
2019-09-04,24,735,8176
2019-09-05,29,745,8189
2019-09-06,22,743,8188
2019-09-07,22,735,8188
2019-09-08,23,732,8196
2019-09-09,28,735,8197
2019-09-10,29,739,8210
2019-09-11,32,749,8223
2019-09-12,25,751,8222
2019-09-13,28,753,8225
2019-09-14,30,757,8239
2019-09-15,21,759,8236
2019-09-16,24,762,8243
2019-09-17,18,761,8238
2019-09-18,23,748,8237
2019-09-19,26,754,8244
2019-09-20,24,753,8237
2019-09-21,26,753,8236
2019-09-22,12,741,8232
2019-09-23,21,740,8230
2019-09-24,16,732,8227
2019-09-25,19,722,8220
2019-09-26,26,715,8225
2019-09-27,22,717,8218
2019-09-28,28,714,8224
2019-09-29,26,715,8230
2019-09-30,23,716,8233
2019-10-01,28,720,8242
2019-10-02,22,723,8247
2019-10-03,27,724,8244
2019-10-04,23,723,8246
2019-10-05,17,711,8242
2019-10-06,24,713,8252
2019-10-07,15,706,8251
2019-10-08,25,708,8248
2019-10-09,25,705,8251
2019-10-10,29,705,8271
2019-10-11,20,693,8265
2019-10-12,17,685,8262
2019-10-13,14,671,8260
2019-10-14,26,667,8264
2019-10-15,27,673,8263
2019-10-16,26,675,8268
2019-10-17,19,676,8265
2019-10-18,17,670,8260
2019-10-19,16,660,8253
2019-10-20,19,655,8258
2019-10-21,23,652,8257
2019-10-22,25,665,8263
2019-10-23,19,663,8262
2019-10-24,21,668,8262
2019-10-25,31,680,8266
2019-10-26,20,674,8258
2019-10-27,22,674,8266
2019-10-28,21,667,8264
2019-10-29,20,661,8269
2019-10-30,33,671,8281
2019-10-31,30,673,8296
2019-11-01,22,673,8295
2019-11-02,21,667,8297
2019-11-03,27,671,8313
2019-11-04,24,678,8313
2019-11-05,31,685,8319
2019-11-06,23,693,8319
2019-11-07,24,692,8315
2019-11-08,22,689,8313
2019-11-09,22,682,8316
2019-11-10,24,686,8324
2019-11-11,20,689,8317
2019-11-12,19,694,8320
2019-11-13,25,693,8331
2019-11-14,19,685,8325
2019-11-15,21,680,8320
2019-11-16,26,687,8324
2019-11-17,21,691,8330
2019-11-18,21,696,8331
2019-11-19,24,701,8332
2019-11-20,20,698,8321
2019-11-21,26,699,8317
2019-11-22,17,697,8318
2019-11-23,16,692,8317
2019-11-24,23,684,8323
2019-11-25,18,682,8330
2019-11-26,21,681,8329
2019-11-27,17,677,8321
2019-11-28,31,688,8322
2019-11-29,17,672,8316
2019-11-30,21,663,8320
2019-12-01,19,660,8317
2019-12-02,24,663,8320
2019-12-03,26,662,8316
2019-12-04,21,659,8321
2019-12-05,22,650,8315
2019-12-06,21,648,8302
2019-12-07,19,643,8296
2019-12-08,21,642,8298
2019-12-09,27,647,8304
2019-12-10,23,646,8306
2019-12-11,27,653,8310
2019-12-12,21,655,8308
2019-12-13,28,658,8308
2019-12-14,19,658,8307
2019-12-15,20,657,8309
2019-12-16,22,653,8310
2019-12-17,30,662,8326
2019-12-18,25,666,8321
2019-12-19,31,673,8328
2019-12-20,27,680,8332
2019-12-21,22,676,8331
2019-12-22,23,682,8331
2019-12-23,14,680,8319
2019-12-24,23,680,8324
2019-12-25,19,681,8326
2019-12-26,23,683,8329
2019-12-27,16,682,8328
2019-12-28,24,675,8329
2019-12-29,26,684,8332
2019-12-30,23,686,8340
2019-12-31,28,695,8345
2020-01-01,16,687,8342
2020-01-02,21,682,8345
2020-01-03,27,688,8352
2020-01-04,21,687,8341
2020-01-05,28,694,8341
2020-01-06,19,694,8337
2020-01-07,24,697,8337
2020-01-08,14,684,8327
2020-01-09,22,683,8330
2020-01-10,21,677,8328
2020-01-11,22,678,8330
2020-01-12,28,678,8335
2020-01-13,22,681,8345
2020-01-14,23,684,8343
2020-01-15,23,685,8349
2020-01-16,26,681,8355
2020-01-17,21,677,8353
2020-01-18,24,670,8347
2020-01-19,25,668,8347
2020-01-20,15,661,8344
2020-01-21,24,662,8350
2020-01-22,24,672,8353
2020-01-23,28,677,8364
2020-01-24,24,682,8358
2020-01-25,23,682,8366
2020-01-26,19,685,8371
2020-01-27,22,683,8366
2020-01-28,23,680,8374
2020-01-29,24,681,8374
2020-01-30,18,671,8370
2020-01-31,26,681,8373
2020-02-01,25,685,8380
2020-02-02,23,681,8382
2020-02-03,22,682,8383
2020-02-04,21,675,8381
2020-02-05,19,675,8382
2020-02-06,21,672,8382
2020-02-07,31,689,8380
2020-02-08,28,695,8389
2020-02-09,19,693,8385
2020-02-10,30,701,8397
2020-02-11,25,698,8406
2020-02-12,31,707,8414
2020-02-13,32,716,8422
2020-02-14,17,710,8415
2020-02-15,28,712,8417
2020-02-16,20,711,8410
2020-02-17,23,710,8409
2020-02-18,34,719,8415
2020-02-19,26,730,8421
2020-02-20,33,739,8426
2020-02-21,32,747,8438
2020-02-22,25,744,8444
2020-02-23,26,746,8445
2020-02-24,17,740,8443
2020-02-25,24,745,8445
2020-02-26,26,749,8451
2020-02-27,27,753,8456
2020-02-28,21,750,8451
2020-02-29,32,764,8452
2020-03-01,16,754,8448
2020-03-02,17,746,8444
2020-03-03,20,743,8440
2020-03-04,24,745,8442
2020-03-05,21,745,8431
2020-03-06,35,761,8444
2020-03-07,25,765,8445
2020-03-08,22,756,8451
2020-03-09,22,750,8449
2020-03-10,29,760,8457
2020-03-11,25,755,8455
2020-03-12,32,762,8462
2020-03-13,27,758,8465
2020-03-14,18,744,8455
2020-03-15,22,749,8453
2020-03-16,16,737,8444
2020-03-17,19,736,8432
2020-03-18,18,731,8430
2020-03-19,21,718,8422
2020-03-20,27,719,8422
2020-03-21,15,701,8409
2020-03-22,22,691,8408
2020-03-23,17,683,8405
2020-03-24,19,676,8407
2020-03-25,18,677,8399
2020-03-26,24,677,8398
2020-03-27,17,668,8386
2020-03-28,11,652,8371
2020-03-29,14,645,8365
2020-03-30,14,627,8350
2020-03-31,16,627,8349
2020-04-01,21,631,8349
2020-04-02,18,629,8346
2020-04-03,18,623,8334
2020-04-04,18,620,8327
2020-04-05,10,595,8321
2020-04-06,14,584,8311
2020-04-07,17,579,8305
2020-04-08,13,570,8293
2020-04-09,19,560,8286
2020-04-10,16,551,8280
2020-04-11,18,537,8275
2020-04-12,17,527,8273
2020-04-13,14,523,8265
2020-04-14,14,515,8263
2020-04-15,15,514,8254
2020-04-16,21,516,8248
2020-04-17,25,523,8247
2020-04-18,25,527,8254
2020-04-19,23,523,8250
2020-04-20,20,528,8244
2020-04-21,17,523,8240
2020-04-22,21,527,8237
2020-04-23,26,534,8235
2020-04-24,16,532,8227
2020-04-25,22,530,8220
2020-04-26,17,530,8220
2020-04-27,29,548,8230
2020-04-28,20,554,8230
2020-04-29,20,560,8226
2020-04-30,23,567,8227
2020-05-01,27,573,8227
2020-05-02,16,571,8220
2020-05-03,23,576,8218
2020-05-04,15,573,8214
2020-05-05,19,582,8204
2020-05-06,28,596,8210
2020-05-07,26,605,8207
2020-05-08,20,612,8201
2020-05-09,18,611,8189
2020-05-10,16,611,8190
2020-05-11,30,623,8193
2020-05-12,17,623,8199
2020-05-13,20,629,8191
2020-05-14,34,649,8207
2020-05-15,30,664,8220
2020-05-16,27,670,8229
2020-05-17,26,671,8231
2020-05-18,24,670,8237
2020-05-19,28,675,8247
2020-05-20,27,682,8257
2020-05-21,29,694,8262
2020-05-22,25,698,8260
2020-05-23,18,690,8254
2020-05-24,27,701,8254
2020-05-25,14,693,8251
2020-05-26,21,697,8246
2020-05-27,26,694,8238
2020-05-28,27,701,8245
2020-05-29,22,703,8247
2020-05-30,23,703,8249
2020-05-31,24,700,8252
2020-06-01,26,710,8261
2020-06-02,18,705,8258
2020-06-03,23,713,8257
2020-06-04,32,726,8265
2020-06-05,29,727,8270
2020-06-06,25,726,8271
2020-06-07,21,727,8266
2020-06-08,28,737,8271
2020-06-09,17,738,8265
2020-06-10,35,743,8268
2020-06-11,20,746,8263
2020-06-12,15,741,8250
2020-06-13,23,730,8244
2020-06-14,22,722,8236
2020-06-15,20,715,8236
2020-06-16,28,717,8239
2020-06-17,22,715,8238
2020-06-18,27,714,8238
2020-06-19,31,718,8236
2020-06-20,16,705,8234
2020-06-21,19,699,8234
2020-06-22,15,696,8234
2020-06-23,25,694,8230
2020-06-24,19,699,8229
2020-06-25,26,704,8227
2020-06-26,24,702,8234
2020-06-27,30,705,8241
2020-06-28,32,715,8255
2020-06-29,22,714,8259
2020-06-30,20,710,8257
2020-07-01,32,716,8266
2020-07-02,29,727,8274
2020-07-03,22,726,8282
2020-07-04,12,706,8274
2020-07-05,20,697,8274
2020-07-06,9,681,8261
2020-07-07,29,689,8267
2020-07-08,25,686,8269
2020-07-09,31,700,8278
2020-07-10,21,686,8277
2020-07-11,23,689,8277
2020-07-12,20,694,8274
2020-07-13,18,689,8275
2020-07-14,28,695,8283
2020-07-15,17,692,8287
2020-07-16,29,693,8294
2020-07-17,35,706,8301
2020-07-18,32,711,8315
2020-07-19,22,702,8325
2020-07-20,25,711,8324
2020-07-21,24,716,8330
2020-07-22,24,725,8335
2020-07-23,33,733,8340
2020-07-24,27,741,8335
2020-07-25,17,732,8338
2020-07-26,26,734,8343
2020-07-27,27,731,8349
2020-07-28,36,735,8369
2020-07-29,15,728,8367
2020-07-30,24,732,8366
2020-07-31,21,721,8360
2020-08-01,19,711,8352
2020-08-02,16,705,8344
2020-08-03,24,717,8346
2020-08-04,21,718,8351
2020-08-05,25,734,8357
2020-08-06,23,728,8356
2020-08-07,25,728,8351
2020-08-08,25,722,8350
2020-08-09,15,716,8340
2020-08-10,17,710,8332
2020-08-11,18,708,8328
2020-08-12,19,709,8324
2020-08-13,22,703,8320
2020-08-14,27,713,8321
2020-08-15,29,713,8331
2020-08-16,26,704,8336
2020-08-17,23,695,8340
2020-08-18,28,701,8332
2020-08-19,28,704,8340
2020-08-20,32,712,8347
2020-08-21,23,711,8344
2020-08-22,18,696,8338
2020-08-23,27,696,8343
2020-08-24,21,700,8340
2020-08-25,30,704,8341
2020-08-26,27,704,8335
2020-08-27,24,692,8339
2020-08-28,23,700,8331
2020-08-29,25,701,8331
2020-08-30,29,709,8338
2020-08-31,11,701,8325
2020-09-01,17,702,8323
2020-09-02,21,699,8318
2020-09-03,14,692,8308
2020-09-04,23,690,8302
2020-09-05,25,692,8305
2020-09-06,18,685,8301
2020-09-07,22,682,8300
2020-09-08,23,690,8295
2020-09-09,32,705,8298
2020-09-10,36,723,8302
2020-09-11,26,730,8303
2020-09-12,23,731,8298
2020-09-13,15,719,8283
2020-09-14,23,713,8285
2020-09-15,25,712,8286
2020-09-16,20,709,8288
2020-09-17,26,707,8291
2020-09-18,23,702,8288
2020-09-19,21,691,8285
2020-09-20,23,691,8282
2020-09-21,28,701,8298
2020-09-22,25,699,8302
2020-09-23,31,709,8317
2020-09-24,33,712,8331
2020-09-25,21,706,8326
2020-09-26,21,703,8325
2020-09-27,22,702,8319
2020-09-28,22,699,8315
2020-09-29,22,692,8314
2020-09-30,24,705,8310
2020-10-01,21,709,8309
2020-10-02,22,710,8304
2020-10-03,34,730,8315
2020-10-04,27,734,8325
2020-10-05,24,733,8325
2020-10-06,25,740,8335
2020-10-07,22,740,8332
2020-10-08,24,741,8331
2020-10-09,26,735,8328
2020-10-10,22,721,8330
2020-10-11,14,709,8327
2020-10-12,16,702,8329
2020-10-13,20,707,8323
2020-10-14,31,715,8327
2020-10-15,28,718,8329
2020-10-16,17,715,8327
2020-10-17,23,712,8333
2020-10-18,23,712,8340
2020-10-19,23,714,8344
2020-10-20,32,723,8353
2020-10-21,23,718,8351
2020-10-22,24,717,8356
2020-10-23,28,714,8363
2020-10-24,26,707,8358
2020-10-25,19,705,8357
2020-10-26,22,706,8357
2020-10-27,26,710,8362
2020-10-28,21,709,8363
2020-10-29,31,718,8361
2020-10-30,24,718,8355
2020-10-31,23,720,8356
2020-11-01,24,722,8359
2020-11-02,20,708,8352
2020-11-03,35,716,8363
2020-11-04,18,710,8350
2020-11-05,31,716,8358
2020-11-06,31,725,8365
2020-11-07,23,724,8366
2020-11-08,19,717,8363
2020-11-09,27,722,8366
2020-11-10,29,737,8375
2020-11-11,26,747,8382
2020-11-12,36,763,8393
2020-11-13,25,757,8399
2020-11-14,17,746,8395
2020-11-15,27,756,8396
2020-11-16,24,757,8399
2020-11-17,23,757,8401
2020-11-18,23,757,8400
2020-11-19,31,756,8411
2020-11-20,27,760,8412
2020-11-21,22,758,8417
2020-11-22,25,755,8426
2020-11-23,13,742,8416
2020-11-24,22,745,8420
2020-11-25,22,745,8421
2020-11-26,26,745,8430
2020-11-27,22,746,8421
2020-11-28,26,741,8430
2020-11-29,18,735,8427
2020-11-30,19,731,8427
2020-12-01,29,736,8432
2020-12-02,24,740,8430
2020-12-03,18,723,8427
2020-12-04,27,732,8432
2020-12-05,26,727,8437
2020-12-06,26,722,8444
2020-12-07,19,718,8442
2020-12-08,27,726,8442
2020-12-09,23,722,8442
2020-12-10,31,724,8446
2020-12-11,23,721,8448
2020-12-12,18,703,8438
2020-12-13,13,691,8432
2020-12-14,28,702,8440
2020-12-15,26,701,8444
2020-12-16,22,699,8436
2020-12-17,24,700,8435
2020-12-18,23,700,8427
2020-12-19,27,696,8427
2020-12-20,13,682,8418
2020-12-21,16,676,8411
2020-12-22,15,666,8412
2020-12-23,24,677,8413
2020-12-24,20,675,8414
2020-12-25,20,673,8411
2020-12-26,17,664,8412
2020-12-27,21,663,8409
2020-12-28,20,657,8403
2020-12-29,18,657,8398
2020-12-30,17,655,8387
2020-12-31,17,643,8388
2021-01-01,21,640,8388
2021-01-02,20,642,8381
2021-01-03,18,633,8378
2021-01-04,13,620,8363
2021-01-05,24,618,8368
2021-01-06,25,624,8369
2021-01-07,25,622,8380
2021-01-08,23,622,8381
2021-01-09,24,615,8384
2021-01-10,23,615,8385
2021-01-11,21,618,8378
2021-01-12,20,625,8376
2021-01-13,25,622,8378
2021-01-14,17,613,8372
2021-01-15,24,615,8370
2021-01-16,17,608,8366
2021-01-17,24,609,8366
2021-01-18,20,602,8361
2021-01-19,24,613,8370
2021-01-20,25,622,8371
2021-01-21,30,637,8377
2021-01-22,22,635,8371
2021-01-23,21,636,8368
2021-01-24,22,638,8367
2021-01-25,30,651,8378
2021-01-26,24,654,8380
2021-01-27,25,659,8382
2021-01-28,31,672,8389
2021-01-29,19,674,8390
2021-01-30,21,678,8385
2021-01-31,21,678,8381
2021-02-01,20,678,8378
2021-02-02,14,674,8370
2021-02-03,27,688,8376
2021-02-04,28,692,8385
2021-02-05,24,691,8388
2021-02-06,20,686,8377
2021-02-07,19,682,8368
2021-02-08,25,683,8374
2021-02-09,21,681,8365
2021-02-10,27,687,8367
2021-02-11,20,687,8356
2021-02-12,37,699,8361
2021-02-13,21,703,8365
2021-02-14,28,707,8365
2021-02-15,19,709,8364
2021-02-16,20,705,8361
2021-02-17,30,715,8357
2021-02-18,30,721,8361
2021-02-19,14,710,8342
2021-02-20,26,706,8336
2021-02-21,14,698,8325
2021-02-22,25,702,8324
2021-02-23,22,702,8329
2021-02-24,18,690,8323
2021-02-25,30,696,8327
2021-02-26,22,693,8322
2021-02-27,30,692,8331
2021-02-28,19,692,8318
2021-03-01,22,693,8324
2021-03-02,26,698,8333
2021-03-03,20,698,8333
2021-03-04,28,712,8337
2021-03-05,22,707,8338
2021-03-06,24,703,8327
2021-03-07,24,703,8326
2021-03-08,26,709,8330
2021-03-09,20,710,8328
2021-03-10,27,712,8326
2021-03-11,24,715,8325
2021-03-12,22,710,8315
2021-03-13,21,711,8309
2021-03-14,19,693,8310
2021-03-15,23,695,8311
2021-03-16,24,691,8319
2021-03-17,19,691,8319
2021-03-18,30,701,8331
2021-03-19,33,704,8343
2021-03-20,30,704,8346
2021-03-21,21,711,8352
2021-03-22,30,715,8360
2021-03-23,26,727,8369
2021-03-24,19,721,8369
2021-03-25,35,734,8386
2021-03-26,30,746,8392
2021-03-27,24,740,8399
2021-03-28,22,740,8410
2021-03-29,31,741,8427
2021-03-30,23,745,8436
2021-03-31,34,757,8454
2021-04-01,24,755,8457
2021-04-02,24,759,8463
2021-04-03,21,752,8466
2021-04-04,27,757,8475
2021-04-05,24,757,8489
2021-04-06,21,754,8496
2021-04-07,29,757,8508
2021-04-08,31,768,8526
2021-04-09,25,766,8532
2021-04-10,26,768,8542
2021-04-11,27,773,8551
2021-04-12,20,772,8554
2021-04-13,30,783,8570
2021-04-14,23,783,8579
2021-04-15,18,777,8582
2021-04-16,27,785,8588
2021-04-17,33,788,8596
2021-04-18,28,783,8599
2021-04-19,29,782,8605
2021-04-20,27,788,8612
2021-04-21,23,781,8618
2021-04-22,26,781,8623
2021-04-23,31,793,8628
2021-04-24,25,783,8637
2021-04-25,31,784,8646
2021-04-26,23,783,8652
2021-04-27,17,778,8640
2021-04-28,26,773,8646
2021-04-29,26,776,8652
2021-04-30,26,768,8655
2021-05-01,29,773,8657
2021-05-02,23,772,8664
2021-05-03,22,773,8663
2021-05-04,20,766,8668
2021-05-05,26,768,8675
2021-05-06,41,788,8688
2021-05-07,26,785,8688
2021-05-08,20,774,8688
2021-05-09,15,764,8685
2021-05-10,20,758,8689
2021-05-11,21,752,8680
2021-05-12,23,755,8686
2021-05-13,15,740,8681
2021-05-14,21,738,8668
2021-05-15,30,750,8668
2021-05-16,29,752,8670
2021-05-17,18,737,8662
2021-05-18,29,738,8667
2021-05-19,30,739,8669
2021-05-20,19,731,8661
2021-05-21,30,738,8662
2021-05-22,21,733,8658
2021-05-23,26,728,8666
2021-05-24,22,725,8661
2021-05-25,27,721,8674
2021-05-26,28,726,8681
2021-05-27,28,737,8683
2021-05-28,22,733,8678
2021-05-29,26,733,8682
2021-05-30,27,734,8686
2021-05-31,28,733,8690
2021-06-01,27,737,8691
2021-06-02,16,731,8689
2021-06-03,31,742,8697
2021-06-04,28,744,8693
2021-06-05,25,728,8689
2021-06-06,29,731,8693
2021-06-07,26,737,8698
2021-06-08,27,749,8697
2021-06-09,28,757,8708
2021-06-10,40,776,8713
2021-06-11,33,786,8726
2021-06-12,30,801,8741
2021-06-13,25,805,8743
2021-06-14,26,801,8747
2021-06-15,28,800,8755
2021-06-16,26,808,8753
2021-06-17,21,800,8752
2021-06-18,22,792,8747
2021-06-19,20,793,8736
2021-06-20,20,783,8740
2021-06-21,25,787,8746
2021-06-22,27,788,8758
2021-06-23,35,801,8768
2021-06-24,22,796,8771
2021-06-25,29,797,8774
2021-06-26,31,800,8781
2021-06-27,25,803,8776
2021-06-28,27,804,8771
2021-06-29,20,797,8769
2021-06-30,28,797,8777
2021-07-01,27,797,8772
2021-07-02,28,809,8771
2021-07-03,26,804,8775
2021-07-04,24,800,8787
2021-07-05,26,801,8793
2021-07-06,25,797,8809
2021-07-07,27,798,8807
2021-07-08,22,793,8804
2021-07-09,20,785,8793
2021-07-10,24,769,8796
2021-07-11,28,764,8801
2021-07-12,23,757,8804
2021-07-13,25,757,8811
2021-07-14,25,756,8808
2021-07-15,29,757,8820
2021-07-16,32,763,8823
2021-07-17,15,757,8803
2021-07-18,32,767,8803
2021-07-19,32,779,8813
2021-07-20,30,789,8818
2021-07-21,19,783,8813
2021-07-22,31,787,8820
2021-07-23,18,770,8805
2021-07-24,23,771,8801
2021-07-25,23,765,8807
2021-07-26,20,754,8801
2021-07-27,29,758,8803
2021-07-28,28,759,8795
2021-07-29,33,772,8813
2021-07-30,30,774,8819
2021-07-31,23,770,8821
2021-08-01,29,771,8831
2021-08-02,18,763,8833
2021-08-03,21,760,8830
2021-08-04,32,766,8841
2021-08-05,24,765,8840
2021-08-06,30,768,8847
2021-08-07,26,772,8848
2021-08-08,18,770,8841
2021-08-09,26,772,8852
2021-08-10,24,768,8859
2021-08-11,30,775,8871
2021-08-12,28,778,8880
2021-08-13,26,779,8884
2021-08-14,16,766,8873
2021-08-15,19,753,8863
2021-08-16,16,754,8853
2021-08-17,25,747,8855
2021-08-18,19,734,8846
2021-08-19,18,722,8836
2021-08-20,19,722,8823
2021-08-21,23,714,8823
2021-08-22,18,714,8823
2021-08-23,17,708,8813
2021-08-24,22,707,8814
2021-08-25,23,710,8807
2021-08-26,25,706,8805
2021-08-27,28,706,8809
2021-08-28,21,694,8807
2021-08-29,21,685,8803
2021-08-30,29,691,8803
2021-08-31,16,678,8808
2021-09-01,26,686,8817
2021-09-02,28,693,8824
2021-09-03,21,682,8831
2021-09-04,19,677,8827
2021-09-05,11,658,8813
2021-09-06,25,657,8820
2021-09-07,19,658,8817
2021-09-08,26,658,8820
2021-09-09,25,659,8813
2021-09-10,24,653,8801
2021-09-11,24,649,8799
2021-09-12,14,637,8790
2021-09-13,20,641,8795
2021-09-14,23,645,8795
2021-09-15,26,655,8796
2021-09-16,21,651,8797
2021-09-17,24,656,8795
2021-09-18,23,661,8795
2021-09-19,28,670,8802
2021-09-20,20,667,8799
2021-09-21,22,671,8793
2021-09-22,28,682,8796
2021-09-23,18,678,8783
2021-09-24,21,676,8771
2021-09-25,22,673,8772
2021-09-26,20,665,8771
2021-09-27,18,662,8767
2021-09-28,22,663,8767
2021-09-29,20,654,8765
2021-09-30,23,661,8764
2021-10-01,28,663,8771
2021-10-02,22,657,8771
2021-10-03,21,657,8758
2021-10-04,28,666,8759
2021-10-05,20,675,8755
2021-10-06,22,672,8752
2021-10-07,23,676,8753
2021-10-08,37,687,8766
2021-10-09,23,685,8763
2021-10-10,16,677,8757
2021-10-11,18,671,8761
2021-10-12,19,676,8764
2021-10-13,22,678,8766
2021-10-14,19,674,8754
2021-10-15,16,664,8742
2021-10-16,30,673,8755
2021-10-17,21,670,8753
2021-10-18,30,677,8760
2021-10-19,19,668,8756
2021-10-20,27,675,8751
2021-10-21,26,679,8754
2021-10-22,28,679,8758
2021-10-23,28,689,8758
2021-10-24,15,683,8747
2021-10-25,19,680,8747
2021-10-26,18,678,8743
2021-10-27,28,688,8745
2021-10-28,17,683,8741
2021-10-29,19,682,8729
2021-10-30,22,681,8727
2021-10-31,17,670,8721
2021-11-01,22,670,8719
2021-11-02,25,674,8724
2021-11-03,31,677,8720
2021-11-04,19,676,8721
2021-11-05,16,670,8706
2021-11-06,19,666,8694
2021-11-07,26,655,8697
2021-11-08,16,648,8694
2021-11-09,25,657,8692
2021-11-10,31,670,8694
2021-11-11,31,682,8699
2021-11-12,36,696,8699
2021-11-13,27,704,8701
2021-11-14,26,714,8710
2021-11-15,28,712,8711
2021-11-16,23,714,8710
2021-11-17,28,712,8715
2021-11-18,26,719,8718
2021-11-19,26,718,8713
2021-11-20,20,712,8706
2021-11-21,22,706,8706
2021-11-22,24,702,8705
2021-11-23,20,707,8712
2021-11-24,30,718,8720
2021-11-25,18,718,8716
2021-11-26,17,707,8707
2021-11-27,14,704,8699
2021-11-28,24,709,8697
2021-11-29,22,709,8701
2021-11-30,23,715,8705
2021-12-01,25,718,8701
2021-12-02,22,715,8699
2021-12-03,20,704,8701
2021-12-04,22,707,8696
2021-12-05,28,719,8698
2021-12-06,25,725,8697
2021-12-07,26,725,8704
2021-12-08,24,733,8701
2021-12-09,27,735,8705
2021-12-10,19,723,8693
2021-12-11,18,710,8688
2021-12-12,30,704,8700
2021-12-13,21,698,8708
2021-12-14,18,690,8698
2021-12-15,21,683,8693
2021-12-16,21,681,8692
2021-12-17,32,685,8700
2021-12-18,31,690,8708
2021-12-19,22,686,8703
2021-12-20,19,685,8709
2021-12-21,22,685,8715
2021-12-22,25,686,8725
2021-12-23,23,689,8724
2021-12-24,23,682,8727
2021-12-25,12,676,8719
2021-12-26,19,678,8721
2021-12-27,23,687,8723
2021-12-28,19,682,8722
2021-12-29,26,686,8730
2021-12-30,21,684,8734
2021-12-31,16,675,8733
2022-01-01,23,676,8735
2022-01-02,16,672,8731
2022-01-03,23,673,8736
2022-01-04,18,663,8741
2022-01-05,25,663,8742
2022-01-06,23,660,8740
2022-01-07,20,656,8735
2022-01-08,23,652,8735
2022-01-09,19,652,8730
2022-01-10,22,656,8729
2022-01-11,23,649,8731
2022-01-12,20,648,8731
2022-01-13,24,654,8730
2022-01-14,23,656,8736
2022-01-15,16,651,8728
2022-01-16,19,638,8730
2022-01-17,18,625,8724
2022-01-18,19,622,8723
2022-01-19,22,625,8721
2022-01-20,19,622,8715
2022-01-21,17,614,8702
2022-01-22,28,619,8708
2022-01-23,24,620,8711
2022-01-24,13,621,8702
2022-01-25,22,624,8694
2022-01-26,21,622,8691
2022-01-27,22,625,8688
2022-01-28,24,623,8681
2022-01-29,18,620,8680
2022-01-30,18,622,8677
2022-01-31,26,625,8682
2022-02-01,22,631,8684
2022-02-02,24,632,8694
2022-02-03,19,633,8686
2022-02-04,23,631,8681
2022-02-05,22,630,8679
2022-02-06,29,639,8688
2022-02-07,31,647,8700
2022-02-08,24,652,8699
2022-02-09,26,656,8704
2022-02-10,32,665,8709
2022-02-11,29,674,8718
2022-02-12,15,665,8696
2022-02-13,22,664,8697
2022-02-14,29,677,8698
2022-02-15,20,678,8699
2022-02-16,27,687,8706
2022-02-17,26,694,8702
2022-02-18,28,700,8700
2022-02-19,14,695,8700
2022-02-20,28,706,8702
2022-02-21,19,697,8707
2022-02-22,26,699,8708
2022-02-23,28,714,8714
2022-02-24,29,721,8725
2022-02-25,25,725,8720
2022-02-26,39,742,8737
2022-02-27,28,746,8735
2022-02-28,25,753,8741
2022-03-01,10,745,8729
2022-03-02,2,721,8705
